nom_tecnica,display_nom,categoria,tipus_calor,descripcio,impacte_textura,impacte_sabor,requereix_eina,aplicable_a,notes_dietes,aplica_estat,aplica_macro,aplica_family,prioritat_macro,prioritat_family,evita_macro,evita_family,notes_seleccio
esferificacio,Esferificació,molecular,sense_calor,Transformar líquids aromàtics en esferes amb membrana fina i explosió en boca,gelificat|explosiu_boca,potencia_percepcio_sabor|joc_textura,bany_calcic|cullera_dosificadora,liquids|salsa|fruita|postres,requereix_additius_especifics,liquid|semi_liquid,sauce|other|sweet|sweetener|fruit,emulsion|acetic|asian_acetic|wine_reduction|sweet_sauce|cooking_stock|fermented|soy|soy_derivative,sauce>other>sweetener>fruit,cooking_stock>sweet_sauce>emulsion>wine_reduction>asian_acetic,,,Objectiu: un líquid aromàtic; evita sòlids si no hi ha base líquida al plat
esferificacio_invertida,Esferificació invertida,molecular,sense_calor_o_suau,Crear esferes amb interior completament líquid utilitzant productes rics en calci,gelificat_flexible|cremosa,conserva_sabor_original|contrastos,bany_algina,liquids|lacti|postres,ideal_per_preparacions_amb_calci_alts,liquid|semi_liquid,dairy|sweet|sweetener|sauce,dairy_yogurt|dairy_cream|basic_dairy|egg|emulsion|sweet_sauce,dairy>sauce>sweetener,dairy_yogurt>dairy_cream>basic_dairy>egg>emulsion,,,Objectiu: base rica i estable; ideal lactis o bases viscoses
gelificacio,Gelificació avançada,molecular,sense_calor_o_suau,Convertir líquids en gels tallables o formes modelades,gel|ferm|tallable,concentra_sabor|suavitza_intensitat,cassola|motlles,liquids|salsa|fruita|lacti|postres,compatible_vegans_si_agar,liquid|semi_liquid,sauce|other|fruit|dairy|sweet|sweetener,cooking_stock|emulsion|acetic|asian_acetic|wine_reduction|general_fruit|tropical_fruit|dairy_cream|dairy_yogurt|fermented|soy|soy_derivative,sauce>other>dairy>fruit,cooking_stock>emulsion>fermented>soy_derivative>general_fruit,,,Objectiu: base líquida/semi líquida per tallar en formes netes
espaguetis_de_gel,Espaguetis de gel,molecular,suau,Formar fils de gel a partir de brous o sucs aromàtics,elastic|ferm,concentra_sabor|impacte_visual,tubs_silicona|bany_fred,liquids|salsa|postres,additius_com_agar_o_gellan,liquid,sauce|other|sweet|sweetener,cooking_stock|acetic|asian_acetic|wine_reduction|sweet_sauce|fermented|soy|soy_derivative,other>sauce>sweetener,cooking_stock>wine_reduction>asian_acetic>sweet_sauce,,,Objectiu: líquid fluid per tubs; evita semi líquids densos
espuma,Escuma / Aire,molecular,sense_calor_o_suau,Transformar líquids en escumes lleugeres amb gran superfície aromàtica,airejat|lleuger,potencia_aroma|dispersa_sabor,sifo_N2O|turbina,liquids|salsa|lacti|postres,requereix_lecticina_o_estabilitzants,liquid|semi_liquid,sauce|dairy|other|sweet|sweetener,emulsion|dairy_cream|dairy_yogurt|basic_dairy|cooking_stock|acetic|asian_acetic|wine_reduction|sweet_sauce,dairy>sauce>other,dairy_cream>dairy_yogurt>emulsion>sweet_sauce>cooking_stock,,,Objectiu: base amb cos; si és massa aquosa baixa prioritat
emulsio_estable,Emulsió estable (xantana/lecitina),molecular,sense_calor_o_suau,Estabilitzar líquids per obtenir emulsions fines i napants,napant_fi|vellutat,homogeneitza_sabor|reforca_aroma,batedor_ma|turbina,liquids|salsa|oli,apta_per_vegans_segon_additiu,liquid|semi_liquid,sauce|other|fat,emulsion|acetic|asian_acetic|wine_reduction|cooking_stock|mediterranean_oils|general_fat,sauce>fat>other,emulsion>cooking_stock>wine_reduction>mediterranean_oils|general_fat,,,Objectiu: pujar viscositat; ideal previ a escuma o puntillisme
deconstruccio,Deconstrucció,molecular,variable,Separar elements essencials i reconfigurar textures per sorpresa i claredat,variable|conceptual,reorganitza_equilibri_sabors|sorpresa,cap_eina_especial,plats_complexos|postres|cereal_feculent|lacti|fruita,requereix_analisi_recepta,solid|semi_liquid|liquid,grain|dairy|fruit|protein_animal|vegetable|sauce,processed_cereal|rice|wheat|dairy_cheese|dairy_cream|general_fruit|tropical_fruit|emulsion|cooking_stock,protein_animal>grain>sauce>vegetable,processed_cereal>rice>wheat>cooking_stock>emulsion,,,Objectiu: tria base + salsa/stock + element principal
encapsulacio,Encapsulació,molecular,sense_calor,Microcàpsules o perles que alliberen líquid intens en boca,perles|caviar_modern,explosiu_boca|maximitza_sabor,bany_algina|pipeta,liquids|salsa|oli|postres,requereix_additius_especifics,liquid,fat|sauce|other|sweetener,mediterranean_oils|semi_toasted_oils|general_fat|emulsion|acetic|asian_acetic|wine_reduction|sweet_sauce|soy|soy_derivative,fat>sauce>other,mediterranean_oils>soy_derivative>wine_reduction>sweet_sauce>emulsion,,,Objectiu: líquid intens; evita bases molt aigualides
deshidratacio,Deshidratació creativa,molecular,baixa_o_mitjana_temp,Crear pols o cruixents retirant aigua dels ingredients,cruixent|pols,concentra_sabor|intensifica_dolçor,deshidratador|forn,fruita|verdura|lacti|altre|salsa,apta_per_vegans_si_sense_lacti,solid|semi_liquid,fruit|vegetable|dairy|plant_vegetal|sauce,green_leaf|root|fungus|tropical_fruit|general_fruit|dairy_cheese|dried_fruit|sweet_sauce,vegetable>fruit>plant_vegetal>dairy,green_leaf>fungus>dried_fruit>root>dairy_cheese,,,Objectiu: sòlids o purés; evita líquids purs
nitrogen_liquid,Nitrogen líquid,molecular,altissima,Refredament ultraràpid per textures extremes i cristalls fins,cruixent_exterior|cremosa_interior,baixa_amargor|potencia_sensacio_frescor,contenidor_nitrogen|pinces,postres|fruita|lacti|liquids|herbes,requereix_seguritat,solid|semi_liquid|liquid,fruit|dairy|plant_vegetal|sweet|sweetener,tropical_fruit|general_fruit|dairy_cream|dairy_yogurt|basic_dairy|aromatic_herb|aromatic_leaf,dairy>fruit>sweetener,dairy_cream>dairy_yogurt>tropical_fruit>general_fruit>aromatic_leaf,,,Objectiu: millor amb cremes i fruita; aromàtics només complement
infusio_rapida,Infusió ràpida (N2O),molecular,sense_calor,Perfumar líquids i olis en segons amb pressió,aromatitzat_intens|net,eleva_aroma|refina_matís,sifo_N2O,liquids|oli|herbes|fruita,ideal_per_aromes_delicades,liquid,fat|other|sauce,mediterranean_oils|semi_toasted_oils|general_fat|acetic|asian_acetic|wine_reduction|cooking_stock|fermented|soy|soy_derivative,fat>other>sauce,mediterranean_oils>semi_toasted_oils>cooking_stock>asian_acetic>fermented,,,Objectiu: vehicle líquid; aromàtics del plat no són l’objectiu
plating_linia_minimal,Plating minimalista en línia,minimalista,sense_calor,Disposició neta amb pocs elements alineats i espais amplis,net|ordenat,centra_atencio_en_producte|sensacio_elegancia,anella_emplatat|pinces,proteina_animal|peix|verdura|lacti|postres,neutre,solid|semi_liquid,protein_animal|vegetable|dairy|fruit|grain,,protein_animal>vegetable>dairy>fruit>grain,protein_animal>vegetable>dairy_cheese>general_fruit>rice,sauce|sweet_sauce,,Objectiu: 1 element principal sòlid + 1 guarnició; salsa mínima
puntillisme_salsa,Puntillisme de salsa,minimalista,sense_calor,Gotes regulars de salsa/coulis com a element gràfic,lleuger|fluid,reforca_sabor_principal|afegeix_matís_visual,cullera_dosificadora|pipeta,liquids|salsa|fruita|lacti|postres,controlar_sucres,liquid|semi_liquid,sauce|other|fruit|dairy|sweet_sauce,cooking_stock|wine_reduction|acetic|asian_acetic|emulsion|dairy_cream|general_fruit|tropical_fruit,sauce>other>dairy>fruit,cooking_stock>wine_reduction>emulsion>general_fruit|tropical_fruit|acetic,,,Objectiu: base fluida intensa; evita massa aigualit; 6-14 gotes
cruixent_fina,Fulla cruixent fina,minimalista,baixa_o_mitjana_temp,Làmina ultraprima cruixent per contrast i alçada,cruixent_fi|fracturable,aporta_contrast|equilibra_cremositat,forn|silpad,postres|fruita|lacti|verdura,comprovar_gluten,solid|semi_liquid,vegetable|fruit|dairy|grain,green_leaf|root|general_fruit|tropical_fruit|dairy_cheese|processed_cereal,vegetable>fruit>dairy>grain,green_leaf>root>general_fruit>dairy_cheese>processed_cereal,sauce|other,,Objectiu: ingredient laminar; puré dens ok; evita líquids purs
contrast_volums,Contrast de volums,minimalista,sense_calor_o_suau,Arquitectura visual: base plana + element elevat,estructurat|arquitectura_visual,accentua_element_principal|sensacio_disseny,anella_emplatat|ganivet_filo_fi,proteina_animal|peix|verdura|postres,neutre,solid|semi_liquid,protein_animal|vegetable|dairy|fruit,protein_animal>vegetable>dairy>fruit,protein_animal>vegetable>dairy_cream>general_fruit,sauce|sweet_sauce,,Objectiu: base plana + peça; si no hi ha estructura baixa prioritat
laminat_fi,Laminat molt fi,minimalista,sense_calor_o_suau,Làmines fines per transparència i delicadesa,lamina_fina|delicat,suavitza_intensitat|millora_integracio_sabors,mandolina|ganivet_filo_fi,fruita|verdura|proteina_animal|peix,precaucio_cru,solid,vegetable|fruit|protein_animal,green_leaf|root|general_fruit|tropical_fruit|protein_animal,vegetable>fruit>protein_animal,root>general_fruit>tropical_fruit>protein_animal,sauce|sweet_sauce,,Objectiu: sòlid apte per laminar; ideal cru o semicuit
lacat_asiatic_fina,Lacat asiàtic fi,fusio,mitjana_o_alta_temp,Lacat amb salsa reduïda per capa lluent,lluent|lleugerament_enganxosa,combina_dolç_salat|intensifica_umami,planxa|forn|pinzell_cuina,proteina_animal|peix|segon,alt_sucre_i_sodi,solid,protein_animal,sweet_sauce|soy|soy_derivative|wine_reduction|fermented,protein_animal,sweet_sauce>soy_derivative>wine_reduction>fermented,sweetener|dairy,,Objectiu: peça sòlida; salsa que redueixi; evita plats aquosos
tempering_especies,Tempering d’espècies,fusio,baixa_o_mitjana_temp,Escalfar espècies en greix suau per alliberar aromes,oli_aromatitzat|suau,potencia_aroma|suavitza_amargor,cassola_petita,liquids|salsa|altre,controlar_greix_i_picant,liquid|semi_liquid,fat|other|sauce,mediterranean_oils|semi_toasted_oils|general_fat|spice|aromatic_herb|aromatic_leaf,fat>other>sauce,spice>aromatic_herb>aromatic_leaf>general_fat,,,Objectiu: espècies/herbes + greix; ideal per acabar; evita foc alt
infusio_aromatica_fusio,Infusió aromàtica de fusió,fusio,sense_calor_o_suau,Perfumar líquids o olis amb espècies/herbes per sumar capes,net|aromatitzat,eleva_aroma|aporta_complexitat,olla_petita|colador,liquids|oli|salsa,apte_vegans_segon_matriu,liquid,fat|sauce|other,mediterranean_oils|semi_toasted_oils|general_fat|cooking_stock|acetic|asian_acetic|wine_reduction|fermented|spice|aromatic_herb|aromatic_leaf,fat>sauce>other,aromatic_herb>aromatic_leaf>spice>cooking_stock>asian_acetic,,,Objectiu: vehicle líquid; prioritza oli o brou del plat
vapor_planxa_combina,Cocció combinada vapor i planxa,fusio,mitjana_temp,Cuinar al vapor i acabar a planxa per sucós + torrat,sucós_interior|marcat_exterior,manté_frescor|afegeix_torrat,vaporera|planxa,proteina_animal|peix|verdura,tecnica_saludable,solid,protein_animal|vegetable,fish_white|general_seafood|meat_poultry|meat_pork|root|green_leaf,protein_animal>vegetable,fish_white>general_seafood>meat_poultry>root>green_leaf,sweetener|dairy,,Objectiu: principal cuit en 2 fases; evita estofats espessos
gelee_dashi_fina,Gelée fina de dashi,fusio,suau,Gel tendre de brou umami per punts nets de salsa,gel_tendre|tremolosa,aporta_umami_suau|refresca_sabor,motlles|nevera,liquids|salsa|primer,conté_peix_no_apte_vegans,liquid|semi_liquid,sauce|other|dairy,cooking_stock|fermented|soy|soy_derivative|emulsion,cooking_stock>other>sauce,fermented>soy_derivative>emulsion>cooking_stock,dairy|sweetener,,Objectiu: brou lleuger umami; evita postres dolces
aire_saboritzat_fi,Aire saboritzat fi,creativa,sense_calor,Aire molt lleuger de base aromàtica,airejat_molt_lleuger,potencia_aroma|dispersa_sabor,turbina|batedora,liquids|salsa|postres,requereix_salses_poc_greixoses,liquid|semi_liquid,sauce|other|sweet|sweetener,emulsion|cooking_stock|acetic|asian_acetic|wine_reduction|sweet_sauce|fermented,sauce>other>sweetener,cooking_stock>emulsion>sweet_sauce>wine_reduction>asian_acetic,dairy|fat,,Objectiu: base molt fina; evita greix i densitat
gel_transparent,Gel transparent,creativa,suau,Gel quasi transparent a partir de líquid clarificat,gel_suau|transparent,refina_sabor|aporta_frescor,nevera|motlles,liquids|salsa|postres,vegano_depèn_agent,liquid|semi_liquid,sauce|other|sweet,cooking_stock|acetic|asian_acetic|wine_reduction|general_fruit|tropical_fruit,sauce>other>sweet,cooking_stock>wine_reduction>asian_acetic>general_fruit,dairy|fat,,Objectiu: líquid clar; evita tèrbol i gras
caldo_solidificat,Caldo solidificat,creativa,suau,Peces tallables de brou amb alliberament de líquid,ferm_exterior|sucós_interior,concentra_sabor|afegeix_sorpresa,cassola|motlles,liquids|salsa|primer,no_apte_vegans_si_gelatina,liquid|semi_liquid,sauce|other,cooking_stock|fermented|soy|soy_derivative|emulsion,sauce>other,cooking_stock>fermented>soy_derivative|emulsion,sweet|sweetener,,Objectiu: brou potent; evita líquids dolços
microtall_ultrafina,Microtall ultrafina,creativa,sense_calor,Làmines gairebé transparents per capes fines,lamina_extremadament_fina,uniformitza_sabor|suavitza_intensitat,mandolina_precisa|ganivet_filo_fi,verdura|fruita|proteina_animal|peix,precaucio_cru,solid,vegetable|fruit|protein_animal,root|green_leaf|general_fruit|tropical_fruit|fish_white|meat_poultry,vegetable>fruit>protein_animal,root>green_leaf>general_fruit>fish_white,dairy|sweet_sauce,,Objectiu: ingredient tallable net; ideal cru o marinat
texturitzat_creatiu,Texturitzat creatiu,creativa,variable,Formes i textures inesperades a partir de masses o gels,variable|sorprenent,aporta_joc_boca|modula_intensitat,motlles|espàtula|estris_variats,postres|altre,depèn_recepta,semi_liquid|solid,dairy|sweet|sweetener|other|fruit,dairy_cream|dairy_yogurt|emulsion|general_fruit|tropical_fruit,dairy>sweet>other,dairy_cream>dairy_yogurt>general_fruit|emulsion,protein_animal,,Objectiu: masses manipulables; evita plats molt tradicionals

reduccio_aromatica_fina,Reducció aromàtica fina,nouvelle,baixa_o_mitjana_temp,Reduir fons o sucs lleugers fins salsa fluida i aromàtica,lleugerament_espessa|vellutada,concentra_sabor|eleva_aroma,cassola|espàtula,liquids|salsa|fons_cuina|primer|segon,pot_contenir_gluten_si_fons,liquid|semi_liquid,sauce|other,cooking_stock|wine_reduction|emulsion,sauce>other,cooking_stock>wine_reduction>emulsion,, ,Objectiu: base líquida gustosa; ideal si el plat ja té brou o sucs
clarificacio_cristal,Clarificació cristal·lina,nouvelle,baixa_o_mitjana_temp,Clarificar un brou/fons per obtenir textura transparent i neta,llis|clar,neteja_sabor|refina_aroma,olla_fonda|xino_doble|paper_filtre,liquids|fons_cuina|primer,normalment_amb_ou,liquid,sauce|other,cooking_stock,sauce>other,cooking_stock,, ,Objectiu: brou clar; evita bases grasses o molt tèrboles
glacejat_fines_herbes,Glacejat de fines herbes,nouvelle,baixa_o_mitjana_temp,Recobrir suaument verdures o proteïnes amb reducció d’herbes i mantega,lluent|suau,intensifica_herbes|arrodoneix_salat,paella|pinzell_cuina,verdura|proteina_animal|segon,pot_alt_mantega,solid,protein_animal|vegetable,fish_white|meat_poultry|root|green_leaf,protein_animal>vegetable,fish_white>meat_poultry>root>green_leaf,dairy,,Objectiu: peça sòlida; ideal amb herbes fresques; evita dietes baixes en greix
marinat_herbal_curt,Marinat herbal curt,nouvelle,sense_calor,Marinat curt d’herbes oli i àcid per perfumar sense dominar,llis|lleugerament_hidratat,aporta_fresc|equilibra_acidesa,bol|batedor,proteina_animal|peix|verdura|primer|segon,controlar_sodi_i_acidesa,solid,protein_animal|vegetable|fish_white,fish_white|green_leaf|root|meat_poultry,protein_animal>vegetable,fish_white>green_leaf>root>meat_poultry,sweetener|dairy,,Objectiu: ingredient apte per cru o semicuit; millor amb cítric/herbes
saltat_vif_lleuger,Saltat viu lleuger,nouvelle,mitjana_o_alta_temp,Saltejat ràpid a foc viu per marcar i mantenir interior sucós,marcat_exterior|sucós_interior,intensifica_maillard|manté_fresc,paella|espàtula,proteina_animal|verdura|primer|segon,afegir_poc_greix,solid,protein_animal|vegetable,fish_white|meat_poultry|root|green_leaf,protein_animal>vegetable,fish_white>meat_poultry>root>green_leaf,sauce|sweet_sauce,,Objectiu: principal o guarnició; evita estofats i plats ofegats en salsa

glace_tradicional,Glace tradicional,classica,baixa_o_mitjana_temp,Reduir fons foscos fins textura espessa i lluent per napar,espessa|adhesiva,concentra_umami|aporta_profunditat,cassola_fonda|espàtula,liquids|salsa|fons_cuina|segon,alt_sodi_i_gelatina,liquid|semi_liquid,sauce|other,cooking_stock|wine_reduction,sauce>other,cooking_stock>wine_reduction,, ,Objectiu: base de fons; millor amb carns; evita plats lleugers
roux_lleuger,Roux lleuger,classica,baixa_o_mitjana_temp,Farina + greix lleu per espessir salses sense pesadesa,llis|ligerament_espessit,suavitza_salsa|redueix_aspror,cassola|batedor,liquids|salsa|altre,conte_gluten_no_celiacs,liquid|semi_liquid,sauce|other,emulsion|cooking_stock,sauce>other,emulsion>cooking_stock,, ,Objectiu: espessir salsa; evita si celiac o sense farines
brasejat_fondant,Brasejat fondant,classica,baixa_o_mitjana_temp,Cocció lenta en líquid aromàtic fins textura molt tendra,fibrosa_suau|melosa,profunditza_sabor|suavitza_fibres,cassola_fonda|tapa,proteina_animal|verdura|cereal_feculent|segon,alt_greix_i_sodi,solid,protein_animal|vegetable|grain,meat_poultry|meat_pork|root|processed_cereal,protein_animal>vegetable>grain,meat_pork>meat_poultry>root>processed_cereal,sweetener|dairy,,Objectiu: plats de segon; evita si vols lleugeresa
napar_cla,Napar clar,classica,sense_calor_o_suau,Capa fina i uniforme de salsa sobre l’element,llis|recobert,integra_components|equilibra_sabor,cullera|pinzell_cuina,proteina_animal|lacti|postres,pot_contenir_lacti_o_gluten,solid|semi_liquid,sauce|dairy|other,emulsion|sweet_sauce|dairy_cream,sauce>dairy>other,emulsion>sweet_sauce>dairy_cream,, ,Objectiu: salsa final; necessita una base napant; evita si no hi ha salsa coherent
gratinar_mantega_fina,Gratinar amb mantega fina,classica,mitjana_o_alta_temp,Dorar superfície amb mantega formatge o pa ratllat per crosta fina,suplement_cruixent|torrat,accentua_salat|aporta_torrat,forn|salamandra,verdura|lacti|cereal_feculent|segon|postres,alt_mantega_i_possible_gluten,solid,dairy|vegetable|grain,dairy_cheese|processed_cereal|root,dairy>vegetable>grain,dairy_cheese>processed_cereal>root,, ,Objectiu: peça gratinable; evita dietes baixes greix o sense gluten
fermentacio_lactica_suau,Fermentació làctica suau,nordica,sense_calor,Fermentar verdures o fruites amb sal per acidesa complexa,ferma|lleugerament_gasosa,aporta_acidesa|profunditat,recipient_fermentacio|pes,verdura|fruita|altre,controlar_sodi,solid|semi_liquid,vegetable|fruit,root|green_leaf|general_fruit|tropical_fruit,vegetable>fruit,root>green_leaf>general_fruit,, ,Objectiu: ingredient vegetal/fruita; ideal per acid_suau; evita si hiposodica estricta
fumat_fred_nordic,Fumat en fred nòrdic,nordica,baixa_temp,Fumat suau a baixa temperatura per perfumar sense coure,lleugerament_assecat|superficie_suau,afegeix_fumat_suau|accentua_salat,fumador_fred|reixeta,peix|proteina_animal|verdura,evitar_sensibles,solid,protein_animal|vegetable,fish_white|general_seafood|meat_poultry|green_leaf,protein_animal>vegetable,fish_white>general_seafood>meat_poultry>green_leaf,, ,Objectiu: peix o peça sòlida; evita si ja és molt fumat
caramelitzat_negre_nordic,Caramelitzat negre nòrdic,nordica,mitjana_o_alta_temp,Caramelitzar fins límit controlat per notes torrades i amargor fina,exterior_fosc|interior_sucós,aporta_amargor_fina|profunditza_sabor,paella|planxa,verdura|proteina_animal|altre,evitar_sensibles_amarg,solid,protein_animal|vegetable|other,root|green_leaf|meat_poultry,protein_animal>vegetable>other,root>green_leaf>meat_poultry,, ,Objectiu: ingredients que toleren torrat; evita si perfil dolç delicat
pell_cruixent_natural,Pell cruixent natural,nordica,mitjana_o_alta_temp,Deshidratar i rostir pells per textura lleugera i cruixent,cruixent_fina|fracturable,concentra_sabor|aporta_contrast,forn|reixeta,proteina_animal|peix,greix_i_colesterol,solid,protein_animal,fish_white|general_seafood|meat_poultry,protein_animal,fish_white>general_seafood>meat_poultry,, ,Objectiu: peça amb pell; evita si no hi ha pell o si dieta baixa colesterol
marinat_salmurra_suau,Marinat en salmorra suau,nordica,sense_calor,Salmorra lleugera per fixar textura i salinitat controlada,ferma|hidratada,aporta_salat_suau|millora_suculent,recipient|balança,peix|proteina_animal,controlar_sodi,solid,protein_animal,fish_white|general_seafood|meat_poultry,protein_animal,fish_white>general_seafood>meat_poultry,, ,Objectiu: peces cuites o semicuites; millora textura; evita hiposodica
rostit_lent,Rostit lent,mercat,baixa_o_mitjana_temp,Forn suau llarg per concentrar sucs i endolcir naturalment,interior_melós|superficie_lleugerament_daurada,concentra_sabor|endolceix_naturalment,forn|safata,proteina_animal|verdura|cereal_feculent|segon,controlar_greix,solid,protein_animal|vegetable|grain,meat_poultry|meat_pork|root|processed_cereal,protein_animal>vegetable>grain,meat_pork>meat_poultry>root>processed_cereal,, ,Objectiu: ideal segons; evita si vols cocció molt ràpida
confit_suau,Confit suau,mercat,baixa_temp,Cocció en greix a baixa temperatura per textura molt tendra,molt_tendra|sucosa,aporta_richesa|suavitza_sabor,cassola_fonda,proteina_animal|verdura|segon,alt_greix,solid,protein_animal|vegetable,meat_pork|meat_poultry|root,protein_animal>vegetable,meat_pork>meat_poultry>root,, ,Objectiu: quan busques melositat; evita dietes hipocaloriques
saltat_producte,Saltat de producte de mercat,mercat,mitjana_temp,Saltejat ràpid per preservar textura i color,lleugerament_cruixent|sucós,manté_fresc|resalta_sabors_naturals,paella|espàtula,verdura|proteina_animal|primer|segon,controlar_oli,solid,protein_animal|vegetable,fish_white|meat_poultry|root|green_leaf,protein_animal>vegetable,fish_white>meat_poultry>root>green_leaf,sauce|sweet_sauce,,Objectiu: ingredient fresc; evita sobrecocció; ideal per estacionalitat
reductora_herbal,Reductora herbal,mercat,baixa_o_mitjana_temp,Reducció lleugera amb herbes per salsa perfumada,lleugerament_espessa|aromatitzada,concentra_herbes|aporta_fresc,cassola|batedor,liquids|salsa|oli|primer|segon,apte_vegans_si_base_veg,liquid|semi_liquid,sauce|other|fat,cooking_stock|wine_reduction|emulsion|mediterranean_oils,sauce>fat>other,cooking_stock>wine_reduction>emulsion,, ,Objectiu: base líquida + herbes; evita bases molt greixoses
fumet_espress,Fumet exprés de mercat,mercat,baixa_o_mitjana_temp,Fumet ràpid de peix per base de sopes i salses,lleuger|clar,aporta_umami|reforça_sabor_peix,olla|colador,liquids|peix|salsa|primer,conté_peix_no_vegans,liquid,sauce|other,cooking_stock,sauce>other,cooking_stock,, ,Objectiu: plats de peix; evita si menú vegà
microbrots_finals,Microbrots i acabat fresc,mercat,sense_calor,Acabat amb brots i herbes fresques per volum i frescor visual,net|lleuger,aporta_fresc|accentua_aroma,pinces,verdura|primer|segon|postres,apte_vegans,solid,vegetable,green_leaf|aromatic_herb|aromatic_leaf,vegetable,green_leaf>aromatic_herb>aromatic_leaf,, ,Objectiu: acabat final; útil amb minimalista i mercat; evita si ja hi ha massa herba
oli_perfum_herbal,Oli perfumat herbal,mercat,sense_calor_o_suau,Oli perfumat amb herbes o cítric com a acabat brillant,brillant|napant_fi,eleva_aroma|arrodoneix_gust,bol|colador,oli|salsa|primer|segon,apte_vegans,liquid|semi_liquid,fat|sauce,mediterranean_oils|semi_toasted_oils|general_fat,fat>sauce,mediterranean_oils>semi_toasted_oils>general_fat,, ,Objectiu: acabat aromàtic; ideal si el plat queda sec; evita si ja hi ha excés d’oli

nom_tecnica,display_nom,categoria,tipus_calor,descripcio,impacte_textura,impacte_sabor,requereix_eina,aplicable_a,notes_dietes,aplica_estat,aplica_macro,aplica_family,prioritat_macro,prioritat_family,evita_macro,evita_family,notes_seleccio
yakimono,Yakimono,cultural,mitjana_o_alta_temp,Cocció japonesa a la graella o planxa amb control precís del punt i aroma,marcat|sucós,umami|torrat,graella|planxa,peix|proteina_animal|proteina_vegetal,controlar_fum_i_salat,solid,protein_animal|vegetable|other,,protein_animal>vegetable>other,,fat|dairy,,Objectiu: peça principal marcada; ideal si vols umami+torrat sense salsa pesada
nimono,Nimono,cultural,baixa_o_mitjana_temp,Cocció lenta en brou japonès perquè el sabor penetri al producte,tendre|melós,umami|salat,cassola,peix|proteina_animal|verdura|cereal_feculent,controlar_sodi,solid|semi_liquid,protein_animal|vegetable|grain|sauce,cooking_stock,protein_animal>vegetable>grain>sauce,cooking_stock,, ,Objectiu: tècnica humida; prioritza plats que ja tenen “vehicle” (brou/fons)
mushimono,Mushimono,cultural,suau,Cocció al vapor tradicional per preservar textura i puresa del producte,sucós|fi,net|umami,vaporera,peix|proteina_animal|verdura,apta_totes_dietes,solid,protein_animal|vegetable,,protein_animal>vegetable,, ,Objectiu: quan vols lleugeresa i netedat; baixa prioritat si el plat és molt untuós
agemono,Agemono,cultural,mitjana_o_alta_temp,Fregits japonesos (tempura/karaage) amb arrebossat lleuger,cruixent,umami|torrat,fregidora|paella_fonda,peix|proteina_animal|verdura,controlar_greix,solid,protein_animal|vegetable,,protein_animal>vegetable,,fat|dairy,,Objectiu: cruixent contrast; evita si el menú ja té moltes tècniques “pesades”
tsukemono,Tsukemono,cultural,sense_calor,Encurtits i fermentacions curtes com a contrapunt del plat,cruixent|fresc,acid|salat,recipient_fermentacio,verdura|fruita,controlar_sodi,solid,vegetable|fruit,,vegetable>fruit,, ,Objectiu: guarnició àcida; gran per estils citric/umami
dashi,Dashi,cultural,suau,Brou base japonès a partir d’alga i peix sec,lleuger|fluid,umami,olla|colador,liquids|salsa|altre,conté_peix,liquid,sauce|other,cooking_stock,sauce>other,cooking_stock,, ,Objectiu: afegeix umami com a “vehicle” líquid; ideal si el plat està massa sec
tare,Tare,cultural,baixa_o_mitjana_temp,Salsa base japonesa per lacar o acabar plats,brillant|glassejat,umami|dolc_salat,cassola|pinzell,peix|proteina_animal|proteina_vegetal,alt_sodi_i_sucre,liquid|semi_liquid,sauce|other,sweet_sauce,sauce>other,sweet_sauce,, ,Objectiu: lacat final; necessita peça sòlida que aguanti glassejat
kiritsuke,Kiritsuke,cultural,sense_calor,Tècnica de tall japonesa que optimitza textura i mossegada,tall_net|precis,net|mari,ganivet_filo_fi,peix|proteina_animal|verdura,precaucio_cru,solid,protein_animal|vegetable,fish_white|general_seafood,protein_animal>vegetable,fish_white>general_seafood,, ,Objectiu: perfecte per plats crus/semicuits o presentació minimalista

kimchi,Kimchi / Kimjang,cultural,sense_calor,Fermentació coreana de verdures amb salmorra i pasta picant,cruixent|fermentat,acid|umami|picant,recipient_fermentacio,verdura,controlar_sodi_i_picant,solid,vegetable,fermented,vegetable,fermented,, ,Objectiu: afegeix fermentat+picant; com a side o topping
jang_fermentation,Fermentació Jang,cultural,sense_calor_o_suau,Fermentació de pastes i salses coreanes (doenjang/ganjang/gochujang) per umami profund,untós|dens,umami|fermentat,recipient_fermentacio,salsa|altre,alt_sodi,semi_liquid,sauce|other,fermented|soy_derivative,sauce>other,soy_derivative>fermented,, ,Objectiu: base umami; ideal si et falta “salsa” potent
banchan_pickling,Banchan (Encurtits i acompanyaments),cultural,sense_calor,Preparacions petites encurtides que creen contrast i netegen el paladar,cruixent|fresc,acid|salat,recipient,verdura|fruita,controlar_sodi,solid,vegetable|fruit,,vegetable>fruit,, ,Objectiu: side per contrast; encaixa amb qualsevol menú
bulgogi,Bulgogi,cultural,mitjana_o_alta_temp,Marinat coreà i cocció ràpida per caramel·litzar,sucós|tendre,umami|dolc_salat,paella|planxa,proteina_animal|proteina_vegetal,alt_sucre_i_sodi,solid,protein_animal|other,,protein_animal>other,, ,Objectiu: caramel·lització neta; gran amb estils umami/picant
galbi_gui,Galbi-gui,cultural,mitjana_o_alta_temp,Grill coreà amb glassejat del marinat i notes torrades,marcat|caramel_lleu,umami|torrat,graella|planxa,proteina_animal,controlar_sodi,solid,protein_animal,,protein_animal,,fat|dairy,,Objectiu: peça principal “showcase”; ideal segons/rostits
jigae,Jjigae,cultural,baixa_o_mitjana_temp,Estofat coreà intens en cassola; integra fermentats i picant,caldos|melos,umami|picant,cassola,liquids|salsa|proteina_animal|verdura,controlar_sodi_i_picant,semi_liquid|solid,protein_animal|vegetable|sauce,fermented|cooking_stock,sauce>protein_animal>vegetable,fermented>cooking_stock,, ,Objectiu: tècnica de plat; prioritza si ja tens líquids o pots fer brou
jjim,Jjim,cultural,baixa_o_mitjana_temp,Brasejat coreà llarg amb salsa; textura fondant i sabor profund,tendre|melos,umami|salat,cassola_tapa,proteina_animal|verdura,controlar_sodi,solid|semi_liquid,protein_animal|vegetable|sauce,,protein_animal>vegetable>sauce,, ,Objectiu: fondant; baixa prioritat si el menú ja és molt “pesat”
jeon,Jeon,cultural,mitjana_o_alta_temp,Coqueta/pancake salada en planxa amb ingredients integrats,daurat|lleu_cruixent,salat|umami,paella,verdura|peix|proteina_animal,conté_farina_ou,solid,vegetable|protein_animal|grain,processed_cereal,vegetable>protein_animal>grain,processed_cereal,,gluten,,Objectiu: acompanyament cruixent; millor per primers o sides

wok_chao,Wok Chao,cultural,mitjana_o_alta_temp,Saltejat a foc alt al wok per aroma i cocció ràpida,marcat|sucos,aromatic|umami,wok,proteina_animal|peix|verdura|cereal_feculent,apta_totes_dietes,solid,protein_animal|vegetable|grain,fish_white|general_seafood,protein_animal>vegetable>grain,fish_white>general_seafood,, ,Objectiu: quan tens tall net i vols intensitat aromàtica sense salses pesades
bao_steam,Zheng / Bao (Vapor),cultural,suau,Cocció al vapor per preservar textura, ideal per peces delicades,sucos|fi,net|aromatic,vaporera,proteina_animal|peix|verdura|cereal_feculent,apta_totes_dietes,solid,protein_animal|vegetable|grain,,protein_animal>vegetable>grain,, ,Objectiu: lleuger i net; combina bé amb salses finalistes
hongshao,Hongshao,cultural,baixa_o_mitjana_temp,Brasejat amb soja i sucre que crea salsa fosca i brillant,tendre|glassejat,umami|dolc_salat,cassola_tapa,proteina_animal|peix,alt_sodi_i_sucre,solid|semi_liquid,protein_animal|sauce,sweet_sauce|soy_derivative,protein_animal>sauce,sweet_sauce>soy_derivative,, ,Objectiu: profunditat+brillantor; ideal per umami, no per menús “super lleugers”
red_braise,Red Braise,cultural,baixa_o_mitjana_temp,Estofat xinès amb salsa rica i espècies; capes de sabor,melos|dens,umami|aromatic,cassola,proteina_animal|verdura,controlar_sodi,semi_liquid|solid,protein_animal|vegetable|sauce,,sauce>protein_animal>vegetable,, ,Objectiu: tècnica de plat; gran per umami/aromatic
stir_fry_velveting,Velveting,cultural,sense_calor_o_suau,Marinat amb midó per textura sedosa abans del wok,tendre|setinat,umami,bol|colador,proteina_animal|peix,conté_midó,solid,protein_animal,processed_cereal,protein_animal,processed_cereal,,gluten,,Objectiu: millora textura de peix/carn; molt bon complement de wok_chao
laquering,Laquering,cultural,mitjana_o_alta_temp,Lacat repetit amb salsa per capa brillant i saborosa,brillant|caramel_lleu,umami|dolc_salat,forn|pinzell,proteina_animal|peix,alt_sucre_i_sodi,solid,protein_animal,sweet_sauce|soy_derivative,protein_animal,sweet_sauce>soy_derivative,, ,Objectiu: peça sòlida que aguanti lacat; similar a tare però més “xinès”
smoking_tea,Fumat al te,cultural,baixa_temp,Fumat aromàtic amb te i espècies; caràcter sense salses pesades,fumat|sec_just,fumat|aromatic,fumador|wok_tapat,proteina_animal|peix,evitar_sensibles_fumat,solid,protein_animal,fish_white|general_seafood,protein_animal,fish_white>general_seafood,, ,Objectiu: estil fumat lleu; ideal quan vols caràcter sense afegir ingredients
scallion_oil,Oli de ceba tendra,cultural,sense_calor_o_suau,Oli infusionat amb ceba tendra per acabar plats amb aroma net,olios|brillant,aromatic|umami,cassola_petita,liquids|salsa|verdura,controlar_greix,liquid|semi_liquid,fat|sauce,semi_toasted_oils|mediterranean_oils,fat>sauce,semi_toasted_oils>mediterranean_oils,, ,Objectiu: acabat aromàtic; gran per umami/aromatic

jerk_seca,Jerk sec,cultural,mitjana_o_alta_temp,Aplicació en sec d’espècies jerk abans de graella o forn,crosta_especia|sequet_lleu,aromatic_especiat|picant|fumat_lleu,graella|forn,proteina_animal|peix|verdura,controlar_picant,solid,protein_animal|vegetable,spice,protein_animal>vegetable,spice,, ,Objectiu: crosta especiada; ideal per estils picant/fumat
jerk_marinat,Jerk marinat,cultural,sense_calor_o_suau,Marinat jerk amb cítric i espècies per impregnar abans de cocció,sucos|marinat,aromatic_especiat|picant|citric,bol,proteina_animal|peix,controlar_picant_i_acidesa,solid,protein_animal,spice,protein_animal,spice,, ,Objectiu: marinat curt; encaixa amb citric+tropical
mojo_cuba,Mojo cubà,cultural,sense_calor,Marinat de llima i all per perfumar i refrescar,marinat|tendre,citric|herbal|all,bol,proteina_animal|peix|verdura,controlar_acidesa,solid,protein_animal|vegetable,,protein_animal>vegetable,, ,Objectiu: marinat fresc; perfecte per plats “nets”
marinat_citric,Marinat cítric,cultural,sense_calor,Marinat curt amb cítric per potenciar frescor i contrast,marinat_lleu|fresc,citric|salat_suau,bol,peix|proteina_animal|verdura,controlar_acidesa,solid,protein_animal|vegetable,fish_white,protein_animal>vegetable,fish_white,, ,Objectiu: ideal per peix i amanides; si el plat ja és cítric, baixa prioritat
lacat_de_rom,Lacat de rom,cultural,baixa_o_mitjana_temp,Glassejat lleu amb reducció de rom per dolçor tropical i brillantor,lacat_brillant|enganxos_lleu,dolc_salat|rom|caramel_lleu,cassola|pinzell,proteina_animal|peix|fruita,controlar_sucre,solid|semi_liquid,protein_animal|fruit|sauce,sweet_sauce,protein_animal>fruit>sauce,sweet_sauce,, ,Objectiu: tropical dolç-salat; funciona millor amb segon o fruita “pont”
marinat_de_pinya,Marinat de pinya,cultural,sense_calor,Ús controlat de pinya per estovar proteïna abans de cuinar,tendre|marinat,tropical|dolc_suau|citric,bol,proteina_animal,controlar_temps,solid,protein_animal,tropical_fruit,protein_animal,tropical_fruit,, ,Objectiu: estovar (enzims); ideal per carns, no per peix delicat
estofat_de_coco,Estofat de coco,cultural,baixa_o_mitjana_temp,Cocció suau amb llet de coco i aromes; textura melosa,melos|cremos_suau,tropical|dolc_suau|umami_suau,cassola,proteina_animal|peix|verdura,controlar_greix,semi_liquid|solid,protein_animal|vegetable|sauce,emulsion,protein_animal>vegetable>sauce,emulsion,,fat|dairy,,Objectiu: tropical cremós; gran per menus tropical/picant suau
sofregit_caribeny,Sofregit caribeny,cultural,baixa_o_mitjana_temp,Base aromàtica de ceba/all/pebrot per construir plats caribenys,melos_base|salsa_lleu,aromatic|dolc_suau|umami,cassola,verdura|proteina_animal|cereal_feculent,apta_vegans_si_sense_carn,solid|semi_liquid,vegetable|protein_animal|grain,,vegetable>protein_animal>grain,, ,Objectiu: construir fons; útil si el plat queda pla
graella_amb_brasa,Graella amb brasa,cultural,mitjana_o_alta_temp,Cocció directa a la brasa per fum i caràcter,marcat_grill|sequet_lleu,fumat|torrat|salat,brasa,proteina_animal|peix|verdura,evitar_fumat_excessiu,solid,protein_animal|vegetable,,protein_animal>vegetable,, ,Objectiu: fumat+torrat; ideal per “fumat” latent
tostones,Tostones,cultural,mitjana_o_alta_temp,Plàtan verd fregit i aixafat com a acompanyament,cruixent|dorat,salat_suau|tropical,paella_fonda,cereal_feculent|verdura,controlar_greix,solid,grain|vegetable,tropical_fruit,grain>vegetable,tropical_fruit,fat|dairy,,Objectiu: side cruixent tropical; millor com a guarnició
arros_amb_llegum,Arròs amb llegum,cultural,baixa_o_mitjana_temp,Arròs cuinat amb llegum i aromes; base caribenya,gra_separat|melos_lleu,umami_suau|aromatic,olla,cereal_feculent,controlar_sodi,solid,grain,,grain,, ,Objectiu: base d’acompanyament; només si el menú té cereal
escabetx_tropical,Escabetx tropical,cultural,baixa_o_mitjana_temp,Escabetx curt amb vinagre o cítric per acidesa i frescor,cruixent|sucos,citric|acid|fresc,cassola|bol,verdura|peix,controlar_acidesa,solid|semi_liquid,vegetable|protein_animal|sauce,acetic|asian_acetic,vegetable>protein_animal>sauce,acetic,, ,Objectiu: acabat àcid; molt útil per “citric” i per tallar greix

ceviche_classic,Ceviche clàssic,cultural,sense_calor,Marinat curt amb llima i ají per “cocció en fred”,cru_marinar|sucos,fresc|citric|umami_suau,bol,peix,controlar_acidesa,solid,protein_animal,fish_white,protein_animal,fish_white,, ,Objectiu: només si el plat admet cru; ideal per peruà/cítric
tiradito_fi,Tiradito,cultural,sense_calor,Tall fi de peix cru amb salsa cítrica al final,laminat_fi|cru,fresc|citric|net,ganivet_filo_fi,peix,precaucio_cru,solid,protein_animal,fish_white,protein_animal,fish_white,, ,Objectiu: semblant a ceviche però més “net”; ideal per presentació
llet_de_tigre,Llet de tigre,cultural,sense_calor_o_suau,Emulsió cítrica usada com a salsa base o acabat,liquid_emulsionat|lleu,citric|umami|picant_suau,batedor_manual,liquids|salsa,conté_peix,liquid|semi_liquid,sauce|other,emulsion|cooking_stock,sauce>other,emulsion>cooking_stock,, ,Objectiu: vehicle líquid brillant; molt compatible amb puntillisme/gel
marinat_curt_aji,Marinat curt d’ají,cultural,sense_calor,Marinat breu amb ají fresc per picant net sense coure massa,marinat_lleu|net,picant_controlat|aromatic,bol,peix|proteina_animal|verdura,controlar_picant,solid,protein_animal|vegetable,spice,protein_animal>vegetable,spice,, ,Objectiu: picant fresc; molt bo amb citric/umami suau
saltat_wok_criollo,Saltat crioll (Chifa),cultural,mitjana_o_alta_temp,Saltejat ràpid amb ají i soja lleu; influència xinesa, saltat_rapid|lleu,umami|aromatic,wok,proteina_animal|verdura,controlar_sodi,solid,protein_animal|vegetable,soy_derivative,protein_animal>vegetable,soy_derivative,, ,Objectiu: “pont” peruà-xinès; perfecte per umami/aromatic
sofregit_aji_base,Sofregit d’ají,cultural,baixa_o_mitjana_temp,Base d’ají, ceba i all per estructurar plats peruans,base_melosa|lleu,umami|aromatic,cassola,verdura|proteina_animal,controlar_picant,solid|semi_liquid,vegetable|protein_animal,spice,vegetable>protein_animal,spice,, ,Objectiu: construir fons; útil quan el plat queda pla
emulsion_aji_llima,Emulsió d’ají i llima,cultural,sense_calor,Emulsió lleugera per frescor i picant equilibrat,emulsion_fina|brillant,citric|picant_suau,batedor_manual,liquids,controlar_acidesa,liquid|semi_liquid,sauce|other,emulsion,sauce>other,emulsion,, ,Objectiu: acabat brillant; encaixa amb citric/picant

nixtamalitzacio,Nixtamalització,cultural,baixa_o_mitjana_temp,Tractament del blat de moro amb calç; textura i sabor millorats,hidratar|estovar|moldre,terros|umami_suau,cassola,cereal_feculent,controlar_alcalinitat,solid|semi_liquid,grain,processed_cereal,grain,processed_cereal,, ,Objectiu: només si hi ha blat de moro/masa (mexicà)
chile_torrat_i_moldre,Torrat i mòlta de xiles,cultural,baixa_o_mitjana_temp,Torrar suau xiles secs i moldre per aroma i profunditat,torrat_secat|moldre,aromatic|fumat_lleu,paella|morter,spice,controlar_fumat,solid,spice,,spice,, ,Objectiu: construir salsa/pols; útil per estils picant/fumat
marinat_adobo,Marinat adobo,cultural,sense_calor_o_suau,Marinat amb xile, espècies, vinagre i greix per picant i protecció,marinat_mig|penetrant,picant|acid|aromatic,bol,proteina_animal|verdura,controlar_picant,solid,protein_animal|vegetable,spice,protein_animal>vegetable,spice,, ,Objectiu: base mexic; encaixa amb picant/citric
marinat_mole_base,Base de mole,cultural,baixa_o_mitjana_temp,Concentrat de xiles i espècies per napar o estofar lleu,espessir|napar,umami|dolc_suau|fumat,cassola,proteina_animal|verdura,alt_sucre,semi_liquid,sauce|other|protein_animal,spice|sweet_sauce,sauce>protein_animal>other,spice>sweet_sauce,, ,Objectiu: salsa “gruixuda”; ideal per umami/fumat
planxa_comal,Planxa al comal,cultural,mitjana_o_alta_temp,Cocció seca sobre planxa de ferro per concentrar sabor,marcat_secat|daurat,torrefacte|net,planxa,proteina_animal|verdura|cereal_feculent,apta_totes_dietes,solid,protein_animal|vegetable|grain,,protein_animal>vegetable>grain,, ,Objectiu: plat sec i net; molt controlable
brasa_directa,Brasa directa,cultural,mitjana_o_alta_temp,Cocció a foc directe amb lleu fumat i caramel·lització ràpida,foc_viu|marcat,fumat_lleu|intens,brasa,proteina_animal|verdura,evitar_fumat_excessiu,solid,protein_animal|vegetable,,protein_animal>vegetable,, ,Objectiu: fumat lleu; genial per “fumat”
saltejat_sequera,Saltejat sec,cultural,mitjana_o_alta_temp,Saltejat ràpid amb poc greix per textura i aroma, saltat_rapid|lleu,aromatic|net,paella,verdura|proteina_animal,controlar_oli,solid,vegetable|protein_animal,,vegetable>protein_animal,,fat,,Objectiu: quan vols lleugeresa i no vols salsa
emulsion_xile_llima,Emulsió de xile i llima,cultural,sense_calor,Emulsió fresca de xile i àcid per acabar plats,emulsion_lleu|brillant,acid|picant_suau,batedor_manual,liquids,controlar_acidesa,liquid|semi_liquid,sauce|other,emulsion,sauce>other,emulsion,, ,Objectiu: acabat fresc; excel·lent per picant/cítric

soffritto_base,Soffritto,cultural,baixa_o_mitjana_temp,Base aromàtica de ceba/pastanaga/api en oli, cuita lentament,cocció_lenta|base_sabor,herbal|dolc_suau,cassola,verdura,apta_vegans,solid|semi_liquid,vegetable|fat,,vegetable>fat,, ,Objectiu: construir profunditat; ideal per italia/mediterrani
reduccio_lenta_sugo,Reducció lenta de sugo,cultural,baixa_o_mitjana_temp,Reducció prolongada de tomàquet per concentrar dolçor i umami, reduccio_llarga|espessir,umami_natural|dolc_suau,cassola,liquids,controlar_acidesa,semi_liquid,sauce|other,wine_reduction|sweet_sauce,sauce>other,wine_reduction>sweet_sauce,, ,Objectiu: salsa base italiana; encaixa amb umami “natural”
emulsio_oli_formatge,Emulsió oli i formatge,cultural,sense_calor_o_suau,Emulsió d’oli d’oliva i formatge ratllat per lligar sense nata,emulsion_suau|lligar,ric_suau|umami,batedor,liquids,conté_lacti,liquid|semi_liquid,sauce|fat|dairy,emulsion|dairy_cheese,sauce>fat>dairy,emulsion>dairy_cheese,, ,Objectiu: lligar i donar sedositat; ideal italia (mantecatura-style)
rostit_lent,Rostit lent,cultural,baixa_o_mitjana_temp,Cocció prolongada a temperatura moderada per fondant i caramelització,cocció_llarga|caramelitzar,profund|ric_suau,forn,proteina_animal|verdura,controlar_greix,solid,protein_animal|vegetable,,protein_animal>vegetable,, ,Objectiu: fondant net; útil per segons
coccio_pasta_al_dente,Pasta al dente,cultural,baixa_o_mitjana_temp,Cocció precisa per fermesa i absorció òptima de salsa,cocció_controlada|escorregut,net|equilibrat,olla,cereal_feculent,conté_gluten,solid,grain,processed_cereal,grain,processed_cereal,,gluten,,Objectiu: només si hi ha pasta/cereal; tècnica “estructural”
mantecatura,Mantecatura,cultural,sense_calor_o_suau,Lligar pasta amb salsa + greix + aigua de cocció fora del foc,lligar|emulsionar,sedos|ric_suau,paella|pinces,liquids,conté_gluten_i_possible_lacti,semi_liquid,grain|sauce|fat,emulsion,grain>sauce>fat,emulsion,,dairy,,Objectiu: textura sedosa; ideal per italia

nam_prik,Nam Prik,cultural,sense_calor,Pasta tailandesa de xili al morter com a base aromàtica,pasta_granulada,umami|picant|acid,morter,verdura|peix|carns,apte_vegans_sense_peix,semi_liquid,sauce|other,fermented|soy_derivative,sauce>other,fermented>soy_derivative,, ,Objectiu: base intensa; picant+tropical
pasta_curry_tradicional,Pasta de curry tradicional,cultural,sense_calor,Pasta fresca de curry amb espècies i herbes aromàtiques,granulat_fi,aromatic|picant|profund,morter,verdura|peix|carns,variable_segon_recepta,semi_liquid,other|spice,,spice>other,, ,Objectiu: base curry; molt útil per tropical/picant
morter_i_pila,Morter i pila,cultural,sense_calor,Picat manual per alliberar olis essencials i mantenir aromes,textura_natural,aromatic_intens,morter,herbes|espècies|pastes,apta_totes_dietes,solid|semi_liquid,spice|other,,spice>other,, ,Objectiu: tècnica de preparació; útil per escollir “com” fer bases
saltejat_wok_rapid,Saltejat ràpid al wok,cultural,mitjana_o_alta_temp,Saltejat breu a foc alt amb moviment constant i poc greix,exterior_marcat|interior_sucos,umami|torrat_lleu,wok,verdura|peix|carns,apta_totes_dietes,solid,protein_animal|vegetable,fish_white|general_seafood,protein_animal>vegetable,fish_white>general_seafood,, ,Objectiu: versió tailandesa “net” del wok; ideal per plats secs
curry_estofat,Curry estofat amb llet de coco,cultural,baixa_o_mitjana_temp,Cocció lenta en llet de coco amb pasta curry fins integrar sabors,cremos_suau,dolc_salat|umami,cassola,verdura|peix|carns,vegetaria_possible,semi_liquid|solid,protein_animal|vegetable|sauce,emulsion,protein_animal>vegetable>sauce,emulsion,,fat|dairy,,Objectiu: tropical cremós; millor per segons o plats “salsa”
vapor_aromatic,Vapor aromàtic,cultural,suau,Vapor amb aromàtics (lemongrass/kaffir) per perfum i netedat,tendra_neta,aromatic_fresc,vaporera,peix|verdures,apta_totes_dietes,solid,protein_animal|vegetable,,protein_animal>vegetable,, ,Objectiu: perfum fresc; perfecte per citric/tropical
marinat_llima_peix,Marinat de llima i peix,cultural,sense_calor,Marinat curt amb llima i salsa de peix per frescor i umami,fermesa_lleu,fresc|acid,recipient,peix|marisc,no_vegetaria,solid,protein_animal,fish_white|general_seafood,protein_animal,fish_white>general_seafood,, ,Objectiu: “acid+umami”; ideal per citric/umami
reduccio_llet_coco,Reducció de llet de coco,cultural,baixa_o_mitjana_temp,Reduir llet de coco per concentrar dolçor i greix natural,velutat,dolc_suau|umami,cassola,plats_curry|salses,vegetaria,semi_liquid,sauce|fat,emulsion,sauce>fat,emulsion,,fat|dairy,,Objectiu: salsa velutada; útil quan falta cos a plats tropicals

amanit_oli_llima,Amanit d’oli i llima,cultural,sense_calor,Amaniment fresc d’oli i cítric per realçar el producte,lleuger_natural,citric|herbal,batedor_manual,verdures|peix|amanides,apta_vegan,liquid|semi_liquid,fat|sauce,mediterranean_oils,fat>sauce,mediterranean_oils,, ,Objectiu: acabat; perfecte per primer/amanides
marinat_herbes,Marinat d’herbes fresques,cultural,sense_calor,Marinat curt amb herbes mediterrànies i oli per perfumar,tendra_lleu,herbal|aromatic,recipient,peix|carns_blancs|verdures,apta_totes_dietes,solid,protein_animal|vegetable,aromatic_herb,protein_animal>vegetable,aromatic_herb,, ,Objectiu: perfum “herbal”; ideal per mediterrani/italia
rostit_senzill,Rostit senzill al forn,cultural,mitjana_temp,Rostit net amb oli i sal per concentrar el sabor propi,exterior_daurat|interior_sucos,umami_suau,forn,verdures|peix|carns,apta_totes_dietes,solid,protein_animal|vegetable,,protein_animal>vegetable,, ,Objectiu: base general; bo quan no vols tècniques massa “marcades”
planxa_producte,Planxa directa de producte,cultural,mitjana_o_alta_temp,Cocció ràpida a planxa amb poc greix per marcar sense assecar,marcat_fora|sucos_dins,torrat_lleu,planxa,peix|verdures|carns_blancs,apta_totes_dietes,solid,protein_animal|vegetable,fish_white,protein_animal>vegetable,fish_white,, ,Objectiu: tècnica universal; ideal segons
emulsio_senzilla,Emulsió senzilla d’oli,cultural,sense_calor,Emulsió bàsica d’oli amb àcid suau per lligar plats,velutat_lleu,acid_suau|umami,batedor_manual,amanides|verdures|peix,apta_vegan,liquid|semi_liquid,fat|sauce,emulsion,fat>sauce,emulsion,, ,Objectiu: “salsa lleugera” quan el plat no té vehicle
forn_suau,Forn suau a baixa temperatura,cultural,baixa_o_mitjana_temp,Cocció controlada per preservar humitat i textura,tendra_uniforme,sabor_net,forn,peix|verdures|carns_blancs,apta_totes_dietes,solid,protein_animal|vegetable,fish_white,protein_animal>vegetable,fish_white,, ,Objectiu: net i segur; ideal per peix delicat

quick_pickle,Encurtit ràpid (Quick pickle),cultural,sense_calor,Encurtit curt (vinagre o cítric + sal + sucre mínim) per aportar acidesa neta,cruixent|fresc,acid|net,recipient,verdura|fruita,controlar_sodi,solid,vegetable|fruit,acetic,vegetable>fruit,acetic,, ,Objectiu: versió universal de tsukemono/banchan; gran per “citric”
chili_oil,Oli picant infusionat,cultural,baixa_o_mitjana_temp,Infusionar xili en oli per aportar picant controlat i aroma persistent,olios|brillant,picant|aromatic,cassola_petita,liquids|salsa|altre,controlar_picant,liquid|semi_liquid,fat|sauce,spice,fat>sauce,spice,, ,Objectiu: afegeix “picant” sense canviar ingredients principals; ideal per plats secs
citrus_zest_finish,Ratlladura cítrica final,cultural,sense_calor,Acabat amb ratlladura de cítric per potenciar aroma sense afegir acidesa,lleu|aeri,citric|aromatic,rallador,postres|verdures|peix,apta_vegan,solid|semi_liquid,vegetable|protein_animal|sweet,,vegetable>protein_animal>sweet,, ,Objectiu: intensifica “citric” quan ja tens llima/llimona però vols més aroma
smoke_lleu_finish,Fumat lleu final,cultural,baixa_temp,Fumat molt curt (campana/fumador) per nota fumat sense carregar,sec_just|perfum,fumat_lleu|aromatic,campana_fumat,peix|proteina_animal|verdura,evitar_sensibles_fumat,solid,protein_animal|vegetable,,protein_animal>vegetable,, ,Objectiu: “fumat” latent sense reescriure la recepta
